PTN_NO,PRODUCT_ID,URL
17108,1 Liter Stainless Steel Water Bottles,+1-liter-stainless-steel-water-bottles
18200,100th birthday,+100th-birthday
18833,10th birthday,+10th-birthday
18744,11th birthday,+11th-birthday
17359,12 Pack Golf Balls,+12-pack-golf-balls
17849,12th birthday,+12th-birthday
17875,13th birthday,+13th-birthday
18886,14th birthday,+14th-birthday
18106,15th birthday,+15th-birthday
18003,16th birthday,+16th-birthday
17109,17 oz. Stainless Steel Water Bottle,+17-ounce-insulated-water-bottles
17748,17th birthday,+17th-birthday
18157,18th birthday,+18th-birthday
18919,19th birthday,+19th-birthday
18346,1st anniversary,+1st-anniversary
17776,1st memorial day,+1st-memorial-day
19169,2020,+2020
19898,Election 2024,+2024-election
18849,20th birthday,+20th-birthday
17252,20x12 Oval Wall Decals,+20x12-oval-wall-decals
17248,20x12 Wall Decals,+20x12-wall-decals
17249,20x6 Wall Decals,+20x6-wall-decals
18828,21st birthday,+21st-birthday
18098,22nd birthday,+22nd-birthday
18507,23rd birthday,+23rd-birthday
18860,24th birthday,+24th-birthday
17110,30 oz. Stainless Steel Water Bottles,+30-ounce-stainless-steel-water-bottles
18777,30th birthday,+30th-birthday
17253,35x21 Oval Wall Decals,+35x21-oval-wall-decals
17250,35x21 Wall Decals,+35x21-wall-decals
17251,36x11 Wall Decals,+36x11-wall-decals
17280,4 ft. Banners,+4-foot-banners
17978,40th birthday,+40th-birthday
17152,4X6 Area Rugs,+4x6-area-rugs
18269,50th birthday,+50th-birthday
17153,5X7 Area Rugs,+5x7-area-rugs
17281,6 ft. Banners,+6-foot-banners
17358,6 Pack Golf Balls,+6-pack-golf-balls
18518,60th birthday,+60th-birthday
18707,70th birthday,+70th-birthday
17914,75th birthday,+75th-birthday
17282,8 ft. Banners,+8-foot-banners
18016,80s,+80s
17180,"84"" Curtains",+84-inch-curtains
17181,"96"" Curtains",+96-inch-curtains
20221,Acacia Fraternity,+acacia-fraternity
17121,Accessories,+accessories
19208,accountant,+accountant
17148,Adult Socks,+adult-socks
17986,age birthdays,+age-birthdays
17191,All Over Print Apron,+all-over-print-apron
20259,Alpha Chi Omega,+alpha-chi-omega
20215,Alpha Chi Rho Fraternity,+alpha-chi-rho-fraternity
20099,Alpha Delta Pi ,+alpha-delta-pi
20096,Alpha Epsilon Phi Sorority,+alpha-epsilon-phi-sorority
20253,Alpha Gamma Rho Fraternity,+alpha-gamma-rho-fraternity
20250,Alpha Kappa Lambda Fraternity,+alpha-kappa-lambda-fraternity
20299,Alpha Omega Epsilon Sorority,+alpha-omega-epsilon-sorority
19989,Alpha Omicron Pi Sorority,+alpha-omicron-pi-sorority
20031,Alpha Phi ,+alpha-phi
20256,Alpha Phi Omega Fraternity,+alpha-phi-omega-fraternity
20149,Alpha Sigma Phi Fraternity,+alpha-sigma-phi-fraternity
19992,Alpha Tau Omega Fraternity,+alpha-tau-omega-fraternity
20266,Alpha Xi Delta Sorority,+alpha-xi-delta-sorority
17269,Aluminum License Plate Frame,+aluminum-license-plate-frame
19847,"",+america
19697,AMERICA 250,+america-250
18449,America First,+america-first
18358,animal,+animal
19678,"",+animal-club-international
19571,Animal Club International - Halloween,+animal-club-international-halloween
19114,Animal Club International - Holiday ,+animal-club-international-holiday
18530,animals,+animals
17878,anniversary,+anniversary
20168,Anti China,+anti-china
19909,Anti Donald Trump,+anti-donald-trump
18290,anti fitness,+anti-fitness
18598,anti gun violence,+anti-gun-violence
18641,Anti Joe Biden,+anti-joe-biden
18453,anti valentines,+anti-valentines
19044,anyone but trump,+anyone-but-trump
17308,Apple Watch Bands,+apple-watch-bands
17309,38mm Apple Watch Bands,+apple-watch-bands-38mm
17310,42mm Apple Watch Bands,+apple-watch-bands-42mm
17190,Aprons,+aprons
19356,art,+art
18350,aunt,+aunt
20303,"",+auntyacidcomic
19322,australian shepherd,+australian-shepherd
18205,autism awareness,+autism-awareness
18910,autumn,+autumn
18050,avocado,+avocado
19757,Unique Funny,+awesome-funny-2021
19489,babies 1st christmas,+babies-1st-christmas
17779,baby,+baby
17091,Baby Bibs,+baby-bibs
17094,Baby Blankets,+baby-blankets
17082,Baby Bodysuits,+baby-bodysuits
17081,Baby Clothes & Accessories,+baby-clothing
20153,"",+baby-clothing
17083,Baby Football Bodysuits,+baby-football-bodysuits
17093,Baby Hats,+baby-hats
18466,baby shower,+baby-shower
17086,Baby T-Shirts,+baby-t-shirts
18020,babys first,+babys-first
18054,"",+back-to-college
19299,back to school,+back-to-school
17122,Bags,+bags
18725,bar beer and entertaining,+bar-beer-and-entertaining
17112,Barware,+barware
17141,Baseball Caps,+baseball-caps
20379,Baseball Hats,+baseball-hats
17156,Bath Towels,+bath-towels
17155,Bath Mats,+bathmats
19021,bbq,+bbq
18984,be kind,+be-kind
17783,beach,+beach
17157,Beach Towels,+beach-towels
17154,Bed & Bath,+bed-and-bath
19118,beer,+beer
17117,Beer Steins,+beer-steins
17201,Bell Acrylic Baubles,+bell-acrylic-ornaments
18645,bernie sanders,+bernie-sanders
18969,best dad,+best-dad
18377,Best Friends,+best-friends
20247,Beta Chi Theta Fraternity,+beta-chi-theta-fraternity
20244,Beta Theta Pi Fraternity,+beta-theta-pi-fraternity
19283,beto,+beto
18294,beto o rourke,+beto-o-rourke
19642,Betty Boop,+betty-boop
18580,biden 46,+biden-46
18477,Biden & Harris,+biden-harris
18602,binge,+binge
18957,binge watch,+binge-watch
18915,birthday,+birthday
19402,black lives matter,+black-lives-matter
17170,Blankets,+blankets
19930,Boardwalk Empire TV Show,+boardwalkempiretv
18853,books,+books
18422,boss,+boss
17043,Boxer Shorts,+boxer-shorts
19198,"",+boycott-china
18171,boyfriend,+boyfriend
20140,Breaking Bad TV Show,+breakingbadtvshow
18130,breast cancer awareness,+breast-cancer-awareness
17906,bride,+bride
19137,bridemaids,+bridemaids
18383,bridesmaid party,+bridesmaid-party
17995,brother,+brother
17255,Bumper Stickers,+bumper-stickers
18662,burrito,+burrito
17133,Buttons,+buttons
17809,cafepress logo,+cafepress-logo
17286,2026 Calendars,+calendars
18326,camping & outdoor,+camping-&-outdoor
18808,camping outdoor,+camping-outdoor
17175,Candles,+candles
18138,candy,+candy
20102,Candy Land,+candy-land
17176,Canister Candles,+canister-candles
17127,Canvas Lunch Bags,+canvas-lunch-bags
17230,Canvas Prints,+canvas-prints
17233,11x14 Canvas Prints,+canvas-prints-11x14
17234,12x12 Canvas Prints,+canvas-prints-12x12
17239,12x16 Canvas Prints,+canvas-prints-12x16
17235,16x20 Canvas Prints,+canvas-prints-16x20
17240,18x24 Canvas Prints,+canvas-prints-18x24
17236,20x24 Canvas Prints,+canvas-prints-20x24
17237,20x30 Canvas Prints,+canvas-prints-20x30
17232,8x10 Canvas Prints,+canvas-prints-8x10
17231,8x8 Canvas Prints,+canvas-prints-8x8
17238,9x12 Canvas Prints,+canvas-prints-9x12
17140,Caps,+caps
17254,Car Accessories,+car-accessories
17257,Car Bumper Magnets,+car-bumper-magnets
17258,Car Door Magnets,+car-door-magnets
17256,Car Magnets,+car-magnets
18584,carpenter,+carpenter
19000,cars,+cars
17307,Phone & Tech,+cases-and-covers
19599,cat,+cat
18559,cat dad,+cat-dad
19523,cats,+cats
18550,causes,+causes
20377,Ceramic & Insulated Mugs,+ceramic-insulated-mugs
18988,Charlie Brown,+charlie-brown
20143,Chi Omega ,+chi-omega
20241,Chi Phi Fraternity,+chi-phi-fraternity
19775,"",+choose-vote
19565,"",+christmas
18965,christmas custom,+christmas-custom
18992,christmas custom photo,+christmas-custom-photo
19335,"",+christmas-decorations
18110, christmas pajamas,+christmas-pajamas
18903,christmas pets,+christmas-pets
17270,Chrome License Plate Frame,+chrome-license-plate-frame
17202,Circle Acrylic Baubles,+circle-acrylic-ornaments
17266,Circle Keychains,+circle-keychains
17353,Circle Necklaces,+circle-necklaces
20146,Circle of Sisterhood Foundation Sorority,+circle-of-sisterhood-sorority
20373,Classic Baseball T-Shirts,+classic-baseball-shirts
20028,"",+classic-football-shirts
20396,Classic Football Shirts,+classic-football-shirts
20296,"",+classic-t-shirts
20393,Classic T-Shirts,+classic-t-shirts
19235,"",+clearance
18670,climate change,+climate-change
17227,Wall Clocks,+clocks
20391,Clothing,+clothing
19088,clovers,+clovers
19778,Clue ,+clue
19704,Co Ed Greek,+co-ed-greek
19331,coach,+coach
17118,Coasters,+coasters
20454,coffee,+coffee
18666,coffee wine,+coffee-wine
19028,college,+college
17946,"",+comforters
19339,conservative,+conservative
18882,corona virus,+corona-virus
19126,coronavirus,+coronavirus
18408,corrupt trump,+corrupt-trump
19152,corruption,+corruption
18072,cory booker,+cory-booker
18606,costume,+costume
17092,Cotton Baby Bibs,+cotton-baby-bibs
20502,couples,+couples
18245,covid19,+covid19
20392,Crewneck Sweatshirts,+crewneck-sweatshirts
17179,Curtains,+curtains
17219,Cushions,+cushions
18618,custom,+custom
18768,Custom Photo,+custom-photo
17853,custom photo beach towels,+custom-photo-beach-towels
19535,dachshund,+dachshund
19550,Dad,+dad
17887,dad since,+dad-since
18489,dance,+dance
20109,Dungeons and Dragons: Honor Among Thieves ,+danddhonoramongthieves
18286,daughter,+daughter
19379,daughter in law,+daughter-in-law
20090,Delta Chi Fraternity,+delta-chi-fraternity
20238,Delta Delta Delta Sorority,+delta-delta-delta-sorority
20093,Delta Gamma,+delta-gamma
20087,Delta Kappa Alpha Fraternity,+delta-kappa-alpha-fraternity
20136,Delta Phi Epsilon Sorority,+delta-phi-epsilon-sorority
20084,Delta Sigma Phi Fraternity,+delta-sigma-phi-fraternity
20231,Delta Tau Delta Fraternity,+delta-tau-delta-fraternity
20127,Delta Upsilon Fraternity,+delta-upsilon-fraternity
20133,Delta Zeta Sorority,+delta-zeta-sorority
19891,Democrats,+democrats
19373,dog,+dog
18681,dog dad,+dog-dad
19328,dog lover,+dog-lover
17355,Dog Tags,+dog-tags
18094,donut,+donut
17182,Doormats,+doormats
19785,Doormats,+doormats
17284,Double-Sided Yard Signs,+double-sided-yard-signs
17129,Drawstring Bags,+drawstring-bags
19275,drinking,+drinking
17113,Drinking Glasses,+drinking-glasses
17096,Drinkware,+drinkware
18273,driving,+driving
19161,dump trump,+dump-trump
19692,Dungeons and Dragons,+dungeonsanddragons
18241,earth day,+earth-day
17891,Earth Day 2024,+earthday2024
19369,Earth Day 2025,+earthday2025
20235,Eastbound and Down TV Show,+eastboundanddowntv
19895,"",+easter
18368,eco friendly,+eco-friendly
20395,Eco Sport T-Shirts,+eco-sport-t-shirts
19219,Election 2020,+election-2020
17922,electoral college,+electoral-college
17798,elizabeth warren,+elizabeth-warren
20508,empowered women,+empowered-women
18634,end gun violence,+end-gun-violence
19352,engineer,+engineer
18394,entertainment mom,+entertainment-mom
18031,entertainment tv,+entertainment-tv
19480,expecting,+expecting
20228,Extreme Makeover: Home Edition TV Show,+extrememakeoverhomeeditiontv
19761,"",+face-masks
19279,fall,+fall
19129,family,+family
18547,family christmas,+family-christmas
20224,Farmhouse Fraternity,+farmhouse-fraternity
18576,father daughter,+father-daughter
17951,father son,+father-son
17918,father son matching,+father-son-matching
19311,father to be,+father-to-be
19047,Father's Day,+fathers-day
18563,fathers day bbq,+fathers-day-bbq
19133,fathers day fix,+fathers-day-fix
19510,fathers day funny,+fathers-day-funny
18842,fathers day golf,+fathers-day-golf
19080,fathers day sports,+fathers-day-sports
18007,Fictional Candidates,+fictionalcandidates2016
19936,Abstract Fine Art Collection,+fineartcollection-abstract
19933,Animals Fine Art Collection,+fineartcollection-animals
19485,first christmas,+first-christmas
18067,first home,+first-home
18502,fishing,+fishing
19112,fitness,+fitness
17116,Flasks,+flasks
17293,"5x7 Flat Cards, (Set of 10)",+flat-5x7-cards-pk-of-10
17294,"5x7 Flat Cards, (Set of 20)",+flat-5x7-cards-pk-of-20
18090,flatten the curve,+flatten-the-curve
17137,Flip Flops,+flip-flops
19348,floral,+floral
17187,Flower Pots,+flower-pots
18940,food,+food
19040,food and drink,+food-and-drink
20443,football,+football
19542,"",+for-her
20276,"",+for-him
19796,Kids,+for-kids
19183,for teens,+for-teens
19263,fourth of july,+fourth-of-july
19694,Fraternity,+fraternity
20389,Fridge Magnets,+fridge-magnets
17177,Frosted Candles,+frosted-candles
17114,Beer Mugs,+frosted-steins
19066,fuck biden,+fuck-biden
18404,fuck democrats,+fuck-democrats
19252,"",+funny
18961,funny baking,+funny-baking
18025,funny beer,+funny-beer
18255,funny birthday,+funny-birthday
17910,funny camping,+funny-camping
19624,funny capslock,+funny-capslock
19243,funny christmas,+funny-christmas
19396,funny dad,+funny-dad
19267,funny drinking,+funny-drinking
19472,Funny Fathers Day,+funny-fathers-day
18263,funny food,+funny-food
18894,funny geek,+funny-geek
17883,funny grandma,+funny-grandma
17787,funny grandpa,+funny-grandpa
18400,funny mothers day,+funny-mothers-day
18481,funny occupations,+funny-occupations
18712,funny pet,+funny-pet
18222,funny retirement,+funny-retirement
19458,funny sayings,+funny-sayings
18979,funny st patricks day,+funny-st-patricks-day
17791,funny t-shirts,+funny-t-shirts
18176,funny vintage sayings,+funny-vintage-sayings
19889,Furby,+furby
17332,Galaxy Cases,+galaxy-cases
17342,Galaxy S22 Cases,+galaxy-s22-cases
17343,Galaxy S22+ Cases,+galaxy-s22-plus-cases
17344,Galaxy S22 Ultra Cases,+galaxy-s22-ultra-cases
17339,Galaxy S23 Cases,+galaxy-s23-cases
17340,Galaxy S23+ Cases,+galaxy-s23-plus-cases
17341,Galaxy S23 Ultra Cases,+galaxy-s23-ultra-cases
17336,Galaxy S24 Cases,+galaxy-s24-cases
17337,Galaxy S24+ Cases,+galaxy-s24-plus-cases
17338,Galaxy S24 Ultra Cases,+galaxy-s24-ultra-cases
17333,Galaxy S25 Cases,+galaxy-s25-cases
17334,Galaxy S25+ Cases,+galaxy-s25-plus-cases
17335,Galaxy S25 Ultra Cases,+galaxy-s25-ultra-cases
20044,"",+game-of-thrones-house-stark
19450,gamer,+gamer
18485,gamer dads,+gamer-dads
18209,gaming,+gaming
20081,Gamma Phi Beta ,+gamma-phi-beta
19939,"",+gamma-sigma-sigma
17188,Garden Flags,+garden-flags
19291,gardening,+gardening
19148,gay pride,+gay-pride
19386,geek,+geek
18754,gender equality,+gender-equality
18868,german shepherd,+german-shepherd
17132,Gift Bags,+gift-bags
17203,Gift Tag Baubles,+gift-tag-ornaments
17021,Gifts,+gifts
20130,"",+gifts
19974,G.I. Joe TV Show,+gijoe
17982,girlfriend,+girlfriend
19499,goldendoodle,+goldendoodle
19256,golf,+golf
17357,Golf Balls,+golf-balls
18787,good luck,+good-luck
18975,"",+graduation
18334,grandma,+grandma
19144,grandpa,+grandpa
18526,"",+grandparents
18077,great grandma,+great-grandma
19792,Greek Affinity,+greek-affinity
17288,Greeting Cards,+greeting-cards
19964,"",+greeting-cards
17290,"Greeting Cards, (Set of 10)",+greeting-cards-pk-of-10
17291,"Greeting Cards, (Set of 20)",+greeting-cards-pk-of-20
19383,grilling,+grilling
18427,groomsmen,+groomsmen
18658,groomsmen party,+groomsmen-party
18649,guinea pig,+guinea-pig
18740,guinea pig lover,+guinea-pig-lover
18514,guineapig,+guineapig
18102,Prevent Gun Violence,+gun-control
19493,halloween,+halloween
17801,halloween movie,+halloween-movie
17168,Hand Towels,+hand-towels
18354,hanukkah,+hanukkah
17297,Hardcover Journals,+hardcover-journals
19782,"",+hasbro
19546,having a baby,+having-a-baby
17205,Heart Acrylic Baubles,+heart-acrylic-ornaments
17351,Heart Jewelry Boxes,+heart-jewelry-boxes
17264,Heart Keychains,+heart-keychains
17354,Heart Necklaces,+heart-necklaces
17204,Heart Baubles,+heart-ornaments
19303,history,+history
19602,hobbies,+hobbies
18470,hockey mom,+hockey-mom
17149,Home & Decor,+home-and-decor
20376,Hooded Shirts,+hooded-shirts
20374,Hoodies,+hoodies
18594,horse,+horse
18812,hunting,+hunting
18249,husband,+husband
18081,i am with israel,+i-am-with-israel
18457,ice cream,+ice-cream
18374,im single,+im-single
17999,im speaking,+im-speaking
18924,Immigration,+immigration
19106,inexpensive,+inexpensive
20457,inexpensive for her,+inexpensive-for-her
17879,inexpensive for him,+inexpensive-for-him
17105,Insulated Mugs,+insulated-mugs
17103,Insulated Mugs & Tumblers,+insulated-mugs-and-tumblers
17106,Wine Tumblers,+insulated-wine-tumbler
18950,introvert,+introvert
17292,Invitations and Announcements,+invitations-and-announcements
17328,iPhone 12 Cases,+iphone-12-cases
17329,iPhone 12 mini Cases,+iphone-12-mini-cases
17330,iPhone 12 Pro Cases,+iphone-12-pro-cases
17331,iPhone 12 Pro Max Cases,+iphone-12-pro-max-cases
17324,iPhone 13 Cases,+iphone-13-cases
17325,iPhone 13 mini Cases,+iphone-13-mini-cases
17326,iPhone 13 Pro Cases,+iphone-13-pro-cases
17327,iPhone 13 Pro Max Cases,+iphone-13-pro-max-cases
17320,iPhone 14 Cases,+iphone-14-cases
17323,iPhone 14 Plus Cases,+iphone-14-plus-cases
17321,iPhone 14 Pro Cases,+iphone-14-pro-cases
17322,iPhone 14 Pro Max Cases,+iphone-14-pro-max-cases
17316,iPhone 15 Cases,+iphone-15-cases
17319,iPhone 15 Plus Cases,+iphone-15-plus-cases
17317,iPhone 15 Pro Cases,+iphone-15-pro-cases
17318,iPhone 15 Pro Max Cases,+iphone-15-pro-max-cases
17312,iPhone 16 Cases,+iphone-16-cases
17315,iPhone 16 Plus Cases,+iphone-16-plus-cases
17313,iPhone 16 Pro Cases,+iphone-16-pro-cases
17314,iPhone 16 Pro Max Cases,+iphone-16-pro-max-cases
17311,iPhone Cases,+iphone-cases
19142,irish heritage,+irish-heritage
17347,Jewelry,+jewelry
17348,Jewelry Boxes,+jewelry-boxes
19271,Joe Biden,+joe-biden
17206,Joy Baubles,+joy-ornaments
19668,Joy Pixels,+joypixels
19658,Joy Pixels Valentine's Day,+joypixels-valentines
19187,Kamala Harris,+kamala-harris
19983,Kappa Alpha Order Fraternity,+kappa-alpha-order-fraternity
20218,Kappa Alpha Theta ,+kappa-alpha-theta
20021,Kappa Delta ,+kappa-delta
20074,Kappa Delta Rho Fraternity,+kappa-delta-rho-fraternity
20024,Kappa Kappa Gamma Sorority,+kappa-kappa-gamma-sorority
19879,Kappa Kappa Psi Fraternity,+kappa-kappa-psi-fraternity
19886,Kappa Phi Lambda Sorority,+kappa-phi-lambda-sorority
19986,Kappa Psi Fraternity,+kappa-psi-fraternity
20018,Kappa Sigma Fraternity,+kappa-sigma-fraternity
18589,Keep America Great,+keep-america-great
17349,Keepsake Boxes,+keepsake-boxes
17263,Keychains,+keychains
20386,Kids & Baby,+kids-and-baby
17078,Kids Aprons,+kids-aprons
17079,Kids Backpacks,+kids-backpacks
17073,Kids Baseball T-Shirts,+kids-baseball-t-shirts
17072,Kids Classic T-Shirts,+kids-classic-t-shirts
17070,Kids Clothing & Accessories,+kids-clothing
20071,"",+kids-clothing
17075,Kids Crewneck Sweatshirts,+kids-crewneck-sweatshirt
19752,"",+kids-face-masks
17076,Kids Hoodies,+kids-hoodies
17074,Kids Hoodies & Sweatshirts,+kids-hoodies-sweatshirts
17080,Kids Lunch Boxes,+kids-lunch-boxes
17077,Kids Socks,+kids-socks
17071,Kids T-Shirts,+kids-t-shirts
18459,"",+king-charles-coronation
17161,King Comforters,+king-comforters
17164,King Duvet Covers,+king-duvet-covers
18772,"",+kitchen
17189,Kitchen & Dining,+kitchen-dining
20164,"",+kramer
18654,kristen gillibrand,+kristen-gillibrand
19637,kwanzaa,+kwanzaa
20067,Lambda Alpha Upsilon Fraternity,+lambda-alpha-upsilon-fraternity
17136,Large Buttons,+large-buttons
17275,Large Die Cut Stickers,+large-die-cut-stickers
17185,Large Doormats,+large-doormats
17186,Large Doormats With Holder,+large-doormats-with-holder
17099,Large Mugs,+large-mugs
17245,Large Posters,+large-posters
17364,Large Jigsaw Puzzles,+large-puzzles
17102,Latte Mugs,+latte-mugs
17169,Laundry Bags,+laundry-bags
17845,Law Enforcement For Trump,+law-enforcement-for-trump
18554,leprechaun,+leprechaun
19851,LGBT,+lgbt
17805,lgbt democrat,+lgbt-democrat
20380,Licence Plates & Frames,+licence-plates-and-frames
17268,License Plate Frames,+license-plate-frames
17267,Aluminum License Plates,+license-plates
17085,Long Sleeve Baby Bodysuits,+long-sleeve-baby-bodysuits
17088,Long Sleeve Baby T-Shirts,+long-sleeve-baby-t-shirts
20390,Long Sleeve Pyjamas,+long-sleeve-pajamas
19883,"",+long-sleeve-t-shirts
20384,Long Sleeve T-Shirts,+long-sleeve-t-shirts
20040,"",+looney-tune
18907,love,+love
18134,love emoji day,+love-emoji-day
17143,Luggage Tags,+luggage-tags
17101,Magic Mugs,+magic-mugs
19717,Magic The Gathering,+magic-the-gathering
17196,Magnets,+magnets
17131,Makeup Bags,+makeup-bag
17841,mardi gras,+mardi-gras
18685,margarita,+margarita
19032,matching couples,+matching-couples
17057,Maternity T-Shirts,+maternity-t-shirts
18890,math,+math
17274,Medium Die Cut Stickers,+medium-die-cut-stickers
17100,Mega Mugs,+mega-mugs
19433,memorial day,+memorial-day
18864,memorial day patriotism,+memorial-day-patriotism
19765,"",+men's-tri-blend-t-shirts
19239,"",+mens
17031,Men's Baseball Tees,+mens-baseball-tees
17025,Men's Classic T-Shirts,+mens-classic-t-shirts
17022,Men's Clothing,+mens-clothing
17028,Men's Comfort Colors® T-Shirts,+mens-comfort-colors-t-shirts
17036,Men's Crewneck Sweatshirts,+mens-crew-neck-sweatshirts
17027,Men's Eco Sport T-Shirts,+mens-eco-sport-tshirts
17138,Men's Flip Flops,+mens-flip-flops
17030,Men's Football Tees,+mens-football-tees
17034,Men's Hooded T-Shirts,+mens-hooded-t-shirts
17037,Men's Hoodies,+mens-hoodies
17035,Men's Hoodies & Sweatshirts,+mens-hoodies-sweatshirts
17041,Men's Long Sleeve Pyjama Sets,+mens-long-sleeve-pajama-sets
17033,Men's Long Sleeve T-Shirts,+mens-long-sleeve-t-shirts
17040,Men's Short Sleeve Pyjama Sets,+mens-pajama-sets
17039,Men's Pyjamas,+mens-pajamas
17032,Men's Polo Shirts,+mens-polo-shirts
17029,Men's Ringer Tees,+mens-ringer-tees
17023,Men's T-Shirts,+mens-t-shirts
17026,Men's Deluxe T-Shirts,+mens-tri-blend-t-shirts
17042,Men's Underwear & Panties,+mens-underwear
17024,Men's Value T-Shirts,+mens-value-t-shirts
17038,Men's Zip Up Hoodies,+mens-zip-up-hoodies
19437,"",+military
19527,mimi,+mimi
17134,Mini Buttons,+mini-buttons
17243,Mini Poster Print,+mini-poster-print
17207,Mitten Baubles,+mitten-ornaments
19102,mom to be,+mom-to-be
18791,momma bear,+momma-bear
18218,Moms For Trump,+moms-for-trump
19062,Monogram,+monogram
20010,"",+monopoly
19190,mothers day,+mothers-day
18040,motivation,+motivation
17345,Mouse Pads,+mouse-pads
20293,Mr Potato Head,+mr-potato-head
20106,Mu Sigma Upsilon,+mu-sigma-upsilon
17097,Mugs,+mugs
18855,mum,+mum
19585,music,+music
19806,My Little Pony TV Show,+mylittlepony
19800,My Little Pony Retro TV Show,+mylittleponyretro
18302,nacho,+nacho
19531,nasa,+nasa
19980,Nashville TV Show,+nashvilletv
19748,"",+national-lampoons-christmas
20064,National Panhellenic Conference,+national-panhellenic-conference-sorority
18298,nautical,+nautical
17352,Necklaces,+necklaces
20000,Nerf,+nerf
18011,never trump,+never-trump
18191,new baby,+new-baby
19006,new dad,+new-dad
18275,new mum,+new-mum
17938,new ornaments,+new-ornaments
18614,new years,+new-years
18167,not made in china,+not-made-in-china
17296,Notebooks,+notebooks
17295,Notebooks & Journals,+notebooks-journals
17299,Note Cards,+notecards
17300,"Note Cards, (Set of 10)",+notecards-pk-of-10
17301,"Note Cards, (Set of 20)",+notecards-pk-of-20
17991,The Notorious R.B.G.,+notorious-rbg
19013,nurse,+nurse
19194,nurses,+nurses
19614,Occasions,+occasions
20471,occupations,+occupations
19017,office,+office
19840,Officially Licensed ,+officially-licensed
19092,oktoberfest,+oktoberfest
18898,old-school-movie,+old-school-movie
20113,Operation ,+operation
17200,Baubles,+ornaments
20269,Ouija Board ,+ouija
18498,our first christmas,+our-first-christmas
17174,Outdoor Blankets,+outdoor-blankets
17223,Outdoor Cushions,+outdoor-cushions
17356,Outdoor Gear,+outdoor-gear
18142,outdoors,+outdoors
17259,Oval Car Magnets,+oval-car-magnets
17208,Oval Baubles,+oval-ornaments
17276,Oval Stickers,+oval-stickers
17209,Oval Year Baubles,+oval-year-ornaments
17192,Oven Mitts,+oven-mitts
20209,"",+pajamas
20383,Pyjamas,+pajamas
18126,pandemic,+pandemic
18874,pandemic christmas,+pandemic-christmas
18795,papa,+papa
18800,papa bear,+papa-bear
18227,papa the man the myth the legend,+papa-the-man-the-myth-the-legend
18736,"",+papaw
18114,parents,+parents
17144,Patches,+patches
18758,patriotic,+patriotic
19676,PEANUTS<sup>®</sup>,+peanuts
19652,PEANUTS® Christmas,+peanuts-christmas
18534,peanuts dad,+peanuts-dad
18716,PEANUTS® Fourth of July,+peanuts-fourth-of-july
18044,PEANUTS® Fourth of July for Kids,+peanuts-fourth-of-july-for-kids
19712,Peanuts Gang,+peanuts-gang
19628,PEANUTS® Halloween,+peanuts-halloween
18035,Peanuts Linus,+peanuts-linus
19464,Peanuts Lucy,+peanuts-lucy
18195,peanuts mothers day,+peanuts-mothers-day
17814,peanuts st patricks day,+peanuts-st-patricks-day
18059,"",+peanuts-thanksgiving
18510,PEANUTS® Valentine's Day,+peanuts-valentines-day
17942,peanuts vote,+peanuts-vote
17871,Peanuts Woodstock,+peanuts-woodstock
17302,Pencil Cases,+pencil-cases
20036,"",+penguin
19780,Peppa Pig,+peppa-pig
19876,Pepsi,+pepsi
19307,"",+personal-image
18804,personalization,+personalization
19955,"",+personalize
19364,personalized,+personalized
18063,personalized for her,+personalized-for-her
18522,"",+pet
17366,Pet Apparel,+pet-apparel
18689,pet dad,+pet-dad
18637,pet mum,+pet-mum
17367,Pet T-Shirts,+pet-t-shirts
18233,pete buttigieg,+pete-buttigieg
17365,Pets,+pets
20201,Phi Beta Sigma Fraternity,+phi-beta-sigma-fraternity
19836,Phi Kappa Tau Fraternity,+phi-kappa-tau-fraternity
19833,Phi Kappa Theta Fraternity,+phi-kappa-theta-fraternity
19830,Phi Sigma Kappa Fraternity,+phi-sigma-kappa-fraternity
19827,Phi Sigma Pi Fraternity,+phi-sigma-pi-fraternity
20198,Phi Sigma Rho Sorority,+phi-sigma-rho-sorority
17241,Photo Wall Tiles,+photo-wall-tiles
20192,Pi Alpha Phi Fraternity,+pi-alpha-phi-fraternity
20195,Pi Beta Phi ,+pi-beta-phi
18338,pi day,+pi-day
19873,Pi Kappa Alpha ,+pi-kappa-alpha
20060,Pi Kappa Phi Fraternity,+pi-kappa-phi-fraternity
19919,Pi Sigma Epsilon Fraternity,+pi-sigma-epsilon-fraternity
17955,pickle,+pickle
17218,Picture Frames,+picture-frames
17165,Pillowcases,+pillow-cases
17166,Pillow Sham,+pillow-sham
18782,pineapple,+pineapple
19923,Pixar,+pixar
19905,PJ Masks ,+pj-masks
19646,plaid,+plaid
20002,Play-Doh,+play-doh
17361,Playing Cards,+playing-cards
17058,Plus Size V-Neck T-Shirts,+plus-size-v-neck-t-shirts
17171,Plush Fleece Blankets,+plush-fleece-blankets
19808,Politics,+political
17125,All Over Print Tote Bags,+polyester-tote-bags
17902,popcorn,+popcorn
20116,Porn,+porn
20189,Portlandia TV Show,+portlandiatv
17304,Post-it® Notes,+post-it-notes
17305,3x3 Post-it® Notes,+post-it-notes-3x3
17306,4x3 Post-it® Notes,+post-it-notes-4x3
17303,Postcards,+postcards
17242,Posters,+posters
17193,Pot Holders,+pot-holders
17861,pow mia,+pow-mia
20271,Power Rangers ,+power-rangers
20160,"",+pretty-little-liars
19593,"",+pride
18147,pro america,+pro-america
18437,pro choice,+pro-choice
19157,pro life,+pro-life
19912,Psi Upsilon Fraternity,+psi-upsilon-fraternity
18695,pumpkin,+pumpkin
18878,pumpkin spice,+pumpkin-spice
18624,pun,+pun
17362,Jigsaw Puzzles,+puzzles
19287,puzzles,+puzzles
17959,quarantine christmas,+quarantine-christmas
17160,Queen Comforters,+queen-comforters
17163,Queen Duvet Covers,+queen-duvet-covers
17974,queen elizabeth,+queen-elizabeth
19870,Queer as Folk TV Show,+queerasfolktv
19419,rabbit,+rabbit
19441,rabbit lover,+rabbit-lover
19951,"",+raccoon
20205,Official Rawhide TV Show,+rawhide-tv
19824,Rawhide TV Show,+rawhidetv
19916,Ray Donovan TV Show,+raydonovantv
18390,reading,+reading
17260,Rectangle Car Magnets,+rectangle-car-magnets
17265,Rectangle Keychains,+rectangle-keychains
17198,Rectangle Magnets,+rectangle-magnets
17210,Rectangle Baubles,+rectangle-ornaments
17147,Rectangle Scarves,+rectangle-scarves
17277,Rectangle Stickers,+rectangle-stickers
17222,Rectangular Cushions,+rectangular-cushions
19075,red friday,+red-friday
19344,reindeer,+reindeer
17771,Religion,+religion
18571,religious christmas,+religious-christmas
17898,republicans against trump,+republicans-against-trump
19165,retirement,+retirement
20047,Retro & Vintage,+retro
17126,Reusable Grocery Bags,+reusable-tote-bags
18321,Robert F. Kennedy Jr.,+robert-kennedy-jr
20156,"",+roe-vs-wade
17261,Round Car Magnets,+round-car-magnets
17199,Round Magnets,+round-magnets
17211,Round Baubles,+round-ornaments
20185,Rudolph the Red-Nosed Reindeer,+rudolphthereindeer
17150,Area Rugs,+rugs
17212,Rustic Wood Baubles,+rustic-wood-ornaments
19071,Ruth Bader Ginsburg,+ruth-bader-ginsburg
17145,Scarves,+scarves
18417,science,+science
20050,"",+scrabble
17213,Scroll Baubles,+scroll-ornaments
19664,seasonal holiday,+seasonal-holiday
18238,self care,+self-care
19609,antoinepham2903,+seller-antoinepham2903
18306,Bridgewalker,+seller-bridgewalker
18163,CharacterAlley,+seller-characteralley
19036,FinestShirts,+seller-finestshirts
18824,Fresh_Dressed_Tees,+seller-freshdressedtees
17857,Harrison Caldwell,+seller-harrisoncaldwell
19055,HGshirts,+seller-hgshirts
19569,HomewiseShopper,+seller-homewiseshopper
18763,Kyandii,+seller-kyandii
18441,Liviana,+seller-liviana
18935,SpacePaint,+seller-spacepaint
19084,Spaghettee,+seller-spaghettee
19025,Spot_Of_Tees,+seller-spotoftees
19051,Stacy McCafferty,+seller-stacymccafferty
19468,The_Gift_Shop,+seller-thegiftshop
19202,The_Shirt_Yurt,+seller-theshirtyurt
18151,sets pajamas,+sets-pajamas
19943,Sexy,+sexy
17172,Sherpa Fleece Blankets,+sherpa-fleece-blankets
18387,shop local,+shop-local
17084,Short Sleeve Baby Bodysuits,+short-sleeve-baby-bodysuits
17087,Short Sleeve Baby T-Shirts,+short-sleeve-baby-t-shirts
17090,Short Sleeve Toddler T-Shirts,+short-sleeve-toddler-t-shirts
17115,Shot Glasses,+shot-glasses
17167,Shower Curtains,+shower-curtains
19820,Sigma Alpha Epsilon Fraternity,+sigma-alpha-epsilon-fraternity
19866,Sigma Alpha Iota Sorority,+sigma-alpha-iota-sorority
19817,Sigma Alpha Mu Fraternity,+sigma-alpha-mu-fraternity
20181,Sigma Beta Rho Fraternity,+sigma-beta-rho-fraternity
20178,Sigma Chi Fraternity,+sigma-chi-fraternity
20175,Sigma Delta Tau Sorority,+sigma-delta-tau-sorority
19967,Sigma Kappa Sorority,+sigma-kappa-sorority
20015,Sigma Lambda Beta Fraternity,+sigma-lambda-beta-fraternity
20012,Sigma Nu Fraternity,+sigma-nu-fraternity
20290,Sigma Phi Epsilon Fraternity,+sigma-phi-epsilon-fraternity
19814,Sigma Pi Fraternity,+sigma-pi-fraternity
20287,Sigma Sigma Sigma Sorority,+sigma-sigma-sigma-sorority
17279,Signs,+signs
17289,Single Greeting Card,+single-greeting-card
20378,Single Stickers,+single-stickers
17095,Sippy Cups,+sippy-cups
18954,sister,+sister
18931,skeleton,+skeleton
17818,"",+skylines-canvasprints
17214,Sled Baubles,+sled-ornaments
17151,Small Area Rugs,+small-area-rugs
17273,Small Die Cut Stickers,+small-die-cut-stickers
17183,Small Doormats,+small-doormats
17184,Small Doormats With Holder,+small-doormats-with-holder
17244,Small Posters,+small-posters
17363,Small Jigsaw Puzzles,+small-puzzles
17934,snacking,+snacking
19687,PEANUTS<sup>®</sup> Snoopy,+snoopy
17215,Snowflake Baubles,+snowflake-ornaments
19446,snowman,+snowman
18461,soccer,+soccer
18837,social distancing,+social-distancing
18722,social justice,+social-justice
19122,softball mom,+softball-mom
17298,Softcover Journals,+softcover-journals
18342,son,+son
19214,son in law funny,+son-in-law-funny
19995,Sorority,+sorority
19059,space,+space
17216,Sparkle Light Baubles,+sparkle-light-ornaments
19554,special delivery,+special-delivery
19406,"",+sports
19410,sporty dad,+sporty-dad
18703,sporty mom,+sporty-mom
18732,spring,+spring
17963,spring break,+spring-break
17262,Square Car Magnets,+square-car-magnets
17350,Square Jewelry Boxes,+square-jewelry-boxes
17217,Square Baubles,+square-ornaments
17146,Square Scarves,+square-scarves
17278,Square Stickers,+square-stickers
20273,"",+st-patricks-day
19178,st patricks day vintage,+st-patricks-day-vintage
17104,Travel Coffee Mugs,+stainless-steel-travel-mugs
17135,Standard Buttons,+standard-buttons
17098,Standard Mugs,+standard-mugs
17228,Standard Wall Clocks,+standard-wall-clocks
17285,Stationery,+stationery
19360,step dad,+step-dad
18229,stepmum,+stepmum
17272,Stickers,+stickers
17271,Stickers & Signs,+stickers-and-signs
17224,Stockings,+stockings
17119,Stone Coasters,+stone-coasters
17930,stop trump,+stop-trump
17111,Straw Tumblers,+straw-tumblers
19174,sugar skull,+sugar-skull
19503,summer,+summer
19426,"",+summer-essentials
19317,summer fun,+summer-fun
19517,summer grilling,+summer-grilling
18259,summer sports,+summer-sports
19415,summer time,+summer-time
18279,support education,+support-education
18729,support our troops,+support-our-troops
18675,supreme court,+supreme-court
19476,surfing,+surfing
20172,"",+surgical-mask
19971,"",+sweatshirts-hoodies
20381,Sweatshirts & Hoodies,+sweatshirts-hoodies
20284,"",+t-shirts
20382,T-Shirts,+t-shirts
19096,taco,+taco
17246,Tapestries,+tapestries
19811,Tau Beta Sigma Sorority,+tau-beta-sigma-sorority
18118,tax humor,+tax-humor
17194,Tea Towels,+tea-towels
19259,Teacher,+teacher
18567,tennis,+tennis
18628,tequila,+tequila
19726,"",+test
18413,thank you,+thank-you
19295,thanksgiving,+thanksgiving
20078,The Honeymooners TV,+the-honeymooners-tv
18494,The Middle Class,+the-middle-class
20263,The 4400 TV Show,+the4400tv
20053,The Borgias TV Show,+theborgiastv
20124,The Goldbergs TV Show,+thegoldbergstv
19863,The Newsroom TV Show,+thenewsroomtv
20057,The Sopranos TV Show,+thesopranostv
20280,Theta Chi Fraternity,+theta-chi-fraternity
19772,Theta Tau Fraternity,+theta-tau-fraternity
19855,The Wire TV Show,+thewiretv
17068,Thong Panties,+thongs
17221,Throw Cushion With Zipper,+throw-cushion-with-zipper
17220,Throw Cushions,+throw-cushions
17089,Toddler T-Shirts,+toddler-t-shirts
19998,Tonka,+tonka
17123,Canvas Tote Bags,+tote-bags
19859,Touched By An Angel TV Show,+touchedbyanangeltv
17360,Toys & Games,+toys-and-games
20120,Toy Story Movie,+toystory
19745,Transformers TV Show,+transformers
19707,Transformers Movie ,+transformersriseofthebeasts
19222,travel,+travel
17225,Tree Skirts,+tree-skirts
19729,Triangle Fraternity,+triangle-fraternity
19109,trick or treat,+trick-or-treat
18996,tropical,+tropical
17142,Trucker Caps,+trucker-hats
19733,True Blood TV Show,+truebloodtv
19575,Donald Trump,+trump
18699,trump coronavirus,+trump-coronavirus
17829,Trump Mugshot,+trump-mugshot
19737,TV City TV Show,+tvcity
17158,Twin Comforters,+twin-comforters
17162,Twin Duvet Covers,+twin-duvet-covers
17159,Twin XL Comforters,+twin-xl-comforters
19743,Twister,+twister
18311,two dads,+two-dads
18122,two moms,+two-moms
19902,"",+ugly-christmas-sweater
18283,ukraine,+ukraine
17970,ukraine peace,+ukraine-peace
18816,uncle,+uncle
20519,under 20,+under-20
20483,under 25 for her,+under-25-for-her
20475,under 25 for him,+under-25-for-him
20516,under 30,+under-30
20505,under 50,+under-50
20464,under 50 for her,+under-50-for-her
20480,under 50 for him,+under-50-for-him
20385,Underwear & Panties,+underwear
18610,union worker,+union-worker
18085,unique valentines,+unique-valentines
19722,"",+upload-a-photo
19976,U.S. Air Force,+usaffp
19926,U.S. Army,+usarmy
19689,U.S. Marines,+usmcfp
20212,U.S. Navy,+usnavy
18538,vaccinated,+vaccinated
20496,valentines,+valentines
20513,valentines day,+valentines-day
19843,"",+value-t-shirts
20394,Value T-Shirts,+value-t-shirts
17226,Vases,+vases
20388,Vases & Flower Pots,+vases-and-flower-pots
19769,Veep TV Show,+veeptv
19589,veteran,+veteran
17866,Veterans For Trump,+veterans-for-trump
18542,veterinarian,+veterinarian
19390,vietnam veteran,+vietnam-veteran
18749,vintage elections,+vintage-elections
17178,LED Votive Candles,+votive-candles
17229,Wall Art,+wall-art
17287,2026 Wall Calendars,+wall-calendars
17247,Wall Decals,+wall-decals
17926,wall street,+wall-street
17107,Water Bottles,+water-bottles
19231,wedding,+wedding
17130,Weekender Tote,+weekender-totes
17825,welcome,+welcome
18433,wife,+wife
20468,wine,+wine
18364,winter,+winter
17346,Wireless Charger,+wireless-charger
18315,witch,+witch
19789,"",+wizard-of-oz
18184,Women For Trump,+women-for-trump
19740,"",+womens
17054,Women's Baseball Tees,+womens-baseball-tees
17069,Women's Boy Brief Panties,+womens-boy-brief-panties
17047,Women's Classic T-Shirts,+womens-classic-t-shirts
17044,Women's Clothing,+womens-clothing
17050,Women's Comfort Colors® T-Shirts,+womens-comfort-colors-t-shirts
19960,"",+womens-comfort-colors®-t-shirts
17060,Women's Crewneck Sweatshirts,+womens-crew-neck-sweatshirts
17049,Women's Eco Sport T-Shirts,+womens-eco-sport-tshirts
17139,Women's Flip Flops,+womens-flip-flops
17053,Women's Football Tees,+womens-football-tees
17056,Womens Hooded T-Shirts,+womens-hooded-t-shirts
17061,Women's Hoodies,+womens-hoodies
17059,Women's Hoodies & Sweatshirts,+womens-hoodies-sweatshirts
17066,Women's Long Sleeve Pyjama Sets,+womens-long-sleeve-pajama-sets
17055,Women's Long Sleeve T-Shirts,+womens-long-sleeve-t-shirts
17064,Women's Nightshirts,+womens-nightshirts
17065,Women's Short Sleeve Pyjama Sets,+womens-pajama-sets
17063,Women's Pyjamas,+womens-pajamas
17051,Women's Ringer Tees,+womens-ringer-tees
17045,Women's T-Shirts,+womens-t-shirts
17048,Women's Deluxe T-Shirts,+womens-tri-blend-t-shirts
19947,"",+womens-tri-blend-t-shirts
17067,Women's Underwear & Panties,+womens-underwear
17052,Women's V-neck T-Shirts,+womens-v-neck-t-shirts
17046,Women's Value T-Shirts,+womens-value-t-shirts
17062,Women's Zip Up Hoodies,+womens-zip-up-hoodies
20387,Wood & Acrylic Baubles,+wood-acrylic-baubles
17120,Wood Coasters,+wood-coasters
17195,Wood Cutting Boards,+wood-cutting-boards
17173,Woven Blankets,+woven-blankets
17283,Yard Signs,+yard-signs
18180,year,+year
19701,Yellowstone,+yellowstonetv
18820,your text,+your-text
20007,Zeta Beta Tau Fraternity,+zeta-beta-tau-fraternity
20004,Zeta Psi Fraternity,+zeta-psi-fraternity
19803,Zeta Tau Alpha  Sorority,+zeta-tau-alpha-sorority
20375,Zip-Up Hoodies,+zip-up-hoodies
17128,Zipper Pouches,+zipper-pouches
17124,Zipper Tote Bags,+zipper-tote-bags
